Task Type,Details,Due date,Days Due
Report stage not complete,"IU-SH-017063 : SUPER AIR JET SHOR FORM | 1. Review the the Pre-Risk Assessment Index (revise accordingly - if required).    2. Go to ""Investigation"" stage if an investigation is required otherwise go to ""Validation"" stage.",05/02/2026,5 days overdue
Report stage not complete,"ID-SH-59103 : BATIK AIR SHOR FORM | 1. Review the the Pre-Risk Assessment Index (revise accordingly - if required).    2. Go to ""Investigation"" stage if an investigation is required otherwise go to ""Validation"" stage.",07/02/2026,3 days overdue
Report stage not complete,"IU-SH-017155 : SUPER AIR JET SHOR FORM | 1. Review the the Pre-Risk Assessment Index (revise accordingly - if required).    2. Go to ""Investigation"" stage if an investigation is required otherwise go to ""Validation"" stage.",09/02/2026,1 days overdue
Report stage not complete,"ID-SH-59159 : BATIK AIR SHOR FORM | 1. Review the the Pre-Risk Assessment Index (revise accordingly - if required).    2. Go to ""Investigation"" stage if an investigation is required otherwise go to ""Validation"" stage.",12/02/2026,Due This Week
Report stage not complete,"IU-SH-017194 : SUPER AIR JET SHOR FORM | 1. Review the the Pre-Risk Assessment Index (revise accordingly - if required).    2. Go to ""Investigation"" stage if an investigation is required otherwise go to ""Validation"" stage.",12/02/2026,Due This Week
Report stage not complete,"IU-SH-017197 : SUPER AIR JET SHOR FORM | 1. Review the the Pre-Risk Assessment Index (revise accordingly - if required).    2. Go to ""Investigation"" stage if an investigation is required otherwise go to ""Validation"" stage.",13/02/2026,Due This Week
Report stage not complete,"IU-SH-017320 : SUPER AIR JET SHOR FORM | 1. Review the the Pre-Risk Assessment Index (revise accordingly - if required).    2. Go to ""Investigation"" stage if an investigation is required otherwise go to ""Validation"" stage.",14/02/2026,Due This Week
Report stage not complete,"IU-SH-017388 : SUPER AIR JET SHOR FORM | 1. Review the the Pre-Risk Assessment Index (revise accordingly - if required).    2. Go to ""Investigation"" stage if an investigation is required otherwise go to ""Validation"" stage.",16/02/2026,Due This Month
Report stage not complete,"IU-SH-017386 : SUPER AIR JET SHOR FORM | 1. Review the the Pre-Risk Assessment Index (revise accordingly - if required).    2. Go to ""Investigation"" stage if an investigation is required otherwise go to ""Validation"" stage.",16/02/2026,Due This Month
Report stage not complete,"IU-SH-017361 : SUPER AIR JET SHOR FORM | 1. Review the the Pre-Risk Assessment Index (revise accordingly - if required).    2. Go to ""Investigation"" stage if an investigation is required otherwise go to ""Validation"" stage.",16/02/2026,Due This Month
Report stage not complete,"IU-SH-017363 : SUPER AIR JET SHOR FORM | 1. Review the the Pre-Risk Assessment Index (revise accordingly - if required).    2. Go to ""Investigation"" stage if an investigation is required otherwise go to ""Validation"" stage.",16/02/2026,Due This Month
Report stage not complete,"IU-SH-017355 : SUPER AIR JET SHOR FORM | 1. Review the the Pre-Risk Assessment Index (revise accordingly - if required).    2. Go to ""Investigation"" stage if an investigation is required otherwise go to ""Validation"" stage.",16/02/2026,Due This Month
Report stage not complete,"IU-SH-017352 : SUPER AIR JET SHOR FORM | 1. Review the the Pre-Risk Assessment Index (revise accordingly - if required).    2. Go to ""Investigation"" stage if an investigation is required otherwise go to ""Validation"" stage.",16/02/2026,Due This Month
Report stage not complete,"IU-SH-017339 : SUPER AIR JET SHOR FORM | 1. Review the the Pre-Risk Assessment Index (revise accordingly - if required).    2. Go to ""Investigation"" stage if an investigation is required otherwise go to ""Validation"" stage.",16/02/2026,Due This Month
Report stage not complete,"IU-SH-017302 : SUPER AIR JET SHOR FORM | 1. Review the the Pre-Risk Assessment Index (revise accordingly - if required).    2. Go to ""Investigation"" stage if an investigation is required otherwise go to ""Validation"" stage.",16/02/2026,Due This Month
Report stage not complete,"IU-SH-017332 : SUPER AIR JET SHOR FORM | 1. Review the the Pre-Risk Assessment Index (revise accordingly - if required).    2. Go to ""Investigation"" stage if an investigation is required otherwise go to ""Validation"" stage.",16/02/2026,Due This Month
Report stage not complete,"JT-SH-48971 : LION AIR SHOR FORM | 1. Review the the Pre-Risk Assessment Index (revise accordingly - if required).    2. Go to ""Investigation"" stage if an investigation is required otherwise go to ""Validation"" stage.",16/02/2026,Due This Month
Report stage not complete,"IU-SH-017303 : SUPER AIR JET SHOR FORM | 1. Review the the Pre-Risk Assessment Index (revise accordingly - if required).    2. Go to ""Investigation"" stage if an investigation is required otherwise go to ""Validation"" stage.",16/02/2026,Due This Month
Report stage not complete,"IU-SH-017298 : SUPER AIR JET SHOR FORM | 1. Review the the Pre-Risk Assessment Index (revise accordingly - if required).    2. Go to ""Investigation"" stage if an investigation is required otherwise go to ""Validation"" stage.",16/02/2026,Due This Month
Report stage not complete,"JT-ASR-20276 : LION AIR ASR FORM | 1. Review the the Pre-Risk Assessment Index (revise accordingly - if required).    2. Go to ""Investigation"" stage if an investigation is required otherwise go to ""Validation"" stage.",19/02/2026,Due This Month
Report stage not complete,"JT-ASR-20278 : LION AIR ASR FORM | 1. Review the the Pre-Risk Assessment Index (revise accordingly - if required).    2. Go to ""Investigation"" stage if an investigation is required otherwise go to ""Validation"" stage.",19/02/2026,Due This Month
Report stage not complete,"JT-ASR-20279 : LION AIR ASR FORM | 1. Review the the Pre-Risk Assessment Index (revise accordingly - if required).    2. Go to ""Investigation"" stage if an investigation is required otherwise go to ""Validation"" stage.",19/02/2026,Due This Month
Report stage not complete,"IU-SH-017401 : SUPER AIR JET SHOR FORM | 1. Review the the Pre-Risk Assessment Index (revise accordingly - if required).    2. Go to ""Investigation"" stage if an investigation is required otherwise go to ""Validation"" stage.",19/02/2026,Due This Month
Report stage not complete,"IU-SH-017457 : SUPER AIR JET SHOR FORM | 1. Review the the Pre-Risk Assessment Index (revise accordingly - if required).    2. Go to ""Investigation"" stage if an investigation is required otherwise go to ""Validation"" stage.",19/02/2026,Due This Month
Report stage not complete,"JT-SH-48995 : LION AIR SHOR FORM | 1. Review the the Pre-Risk Assessment Index (revise accordingly - if required).    2. Go to ""Investigation"" stage if an investigation is required otherwise go to ""Validation"" stage.",19/02/2026,Due This Month
Report stage not complete,"IW-SH-10893 : WINGS AIR SHOR FORM | 1. Review the the Pre-Risk Assessment Index (revise accordingly - if required).    2. Go to ""Investigation"" stage if an investigation is required otherwise go to ""Validation"" stage.",19/02/2026,Due This Month
Report stage not complete,"IU-SH-017408 : SUPER AIR JET SHOR FORM | 1. Review the the Pre-Risk Assessment Index (revise accordingly - if required).    2. Go to ""Investigation"" stage if an investigation is required otherwise go to ""Validation"" stage.",19/02/2026,Due This Month
Report stage not complete,"IU-SH-017452 : SUPER AIR JET SHOR FORM | 1. Review the the Pre-Risk Assessment Index (revise accordingly - if required).    2. Go to ""Investigation"" stage if an investigation is required otherwise go to ""Validation"" stage.",20/02/2026,Due This Month
Report stage not complete,"ID-ASR-12309 : BATIK AIR ASR FORM | 1. Review the the Pre-Risk Assessment Index (revise accordingly - if required).    2. Go to ""Investigation"" stage if an investigation is required otherwise go to ""Validation"" stage.",21/02/2026,Due This Month
Report stage not complete,"ID-ASR-12323 : BATIK AIR ASR FORM | 1. Review the the Pre-Risk Assessment Index (revise accordingly - if required).    2. Go to ""Investigation"" stage if an investigation is required otherwise go to ""Validation"" stage.",21/02/2026,Due This Month
Report stage not complete,"ID-ASR-12325 : BATIK AIR ASR FORM | 1. Review the the Pre-Risk Assessment Index (revise accordingly - if required).    2. Go to ""Investigation"" stage if an investigation is required otherwise go to ""Validation"" stage.",21/02/2026,Due This Month
Report stage not complete,"JT-ASR-20285 : LION AIR ASR FORM | 1. Review the the Pre-Risk Assessment Index (revise accordingly - if required).    2. Go to ""Investigation"" stage if an investigation is required otherwise go to ""Validation"" stage.",22/02/2026,Due This Month
Report stage not complete,"IU-ASR-005415 : Super Air Jet ASR Form | 1. Review the the Pre-Risk Assessment Index (revise accordingly - if required).    2. Go to ""Investigation"" stage if an investigation is required otherwise go to ""Validation"" stage.",22/02/2026,Due This Month
Report stage not complete,"IU-SH-017490 : SUPER AIR JET SHOR FORM | 1. Review the the Pre-Risk Assessment Index (revise accordingly - if required).    2. Go to ""Investigation"" stage if an investigation is required otherwise go to ""Validation"" stage.",22/02/2026,Due This Month
Report stage not complete,"JT-ASR-20286 : LION AIR ASR FORM | 1. Review the the Pre-Risk Assessment Index (revise accordingly - if required).    2. Go to ""Investigation"" stage if an investigation is required otherwise go to ""Validation"" stage.",23/02/2026,Due This Month
Report stage not complete,"IU-SH-017515 : SUPER AIR JET SHOR FORM | 1. Review the the Pre-Risk Assessment Index (revise accordingly - if required).    2. Go to ""Investigation"" stage if an investigation is required otherwise go to ""Validation"" stage.",23/02/2026,Due This Month
Report stage not complete,"ID-SH-59255 : BATIK AIR SHOR FORM | 1. Review the the Pre-Risk Assessment Index (revise accordingly - if required).    2. Go to ""Investigation"" stage if an investigation is required otherwise go to ""Validation"" stage.",23/02/2026,Due This Month
Report stage not complete,"ID-ASR-12338 : BATIK AIR ASR FORM | 1. Review the the Pre-Risk Assessment Index (revise accordingly - if required).    2. Go to ""Investigation"" stage if an investigation is required otherwise go to ""Validation"" stage.",23/02/2026,Due This Month
Report stage not complete,"JT-ASR-20289 : LION AIR ASR FORM | 1. Review the the Pre-Risk Assessment Index (revise accordingly - if required).    2. Go to ""Investigation"" stage if an investigation is required otherwise go to ""Validation"" stage.",26/02/2026,Due This Month
Report stage not complete,"ID-ASR-12345 : BATIK AIR ASR FORM | 1. Review the the Pre-Risk Assessment Index (revise accordingly - if required).    2. Go to ""Investigation"" stage if an investigation is required otherwise go to ""Validation"" stage.",26/02/2026,Due This Month
Report stage not complete,"IU-SH-017541 : SUPER AIR JET SHOR FORM | 1. Review the the Pre-Risk Assessment Index (revise accordingly - if required).    2. Go to ""Investigation"" stage if an investigation is required otherwise go to ""Validation"" stage.",26/02/2026,Due This Month
Report stage not complete,"IU-SH-017542 : SUPER AIR JET SHOR FORM | 1. Review the the Pre-Risk Assessment Index (revise accordingly - if required).    2. Go to ""Investigation"" stage if an investigation is required otherwise go to ""Validation"" stage.",26/02/2026,Due This Month
Report stage not complete,"IU-SH-017533 : SUPER AIR JET SHOR FORM | 1. Review the the Pre-Risk Assessment Index (revise accordingly - if required).    2. Go to ""Investigation"" stage if an investigation is required otherwise go to ""Validation"" stage.",26/02/2026,Due This Month
Report stage not complete,"IU-SH-017535 : SUPER AIR JET SHOR FORM | 1. Review the the Pre-Risk Assessment Index (revise accordingly - if required).    2. Go to ""Investigation"" stage if an investigation is required otherwise go to ""Validation"" stage.",26/02/2026,Due This Month
Report stage not complete,"IU-SH-017536 : SUPER AIR JET SHOR FORM | 1. Review the the Pre-Risk Assessment Index (revise accordingly - if required).    2. Go to ""Investigation"" stage if an investigation is required otherwise go to ""Validation"" stage.",26/02/2026,Due This Month
Report stage not complete,"IU-SH-017526 : SUPER AIR JET SHOR FORM | 1. Review the the Pre-Risk Assessment Index (revise accordingly - if required).    2. Go to ""Investigation"" stage if an investigation is required otherwise go to ""Validation"" stage.",26/02/2026,Due This Month
Report stage not complete,"IW-ASR-06807 : WINGS AIR ASR FORM | 1. Review the the Pre-Risk Assessment Index (revise accordingly - if required).    2. Go to ""Investigation"" stage if an investigation is required otherwise go to ""Validation"" stage.",26/02/2026,Due This Month
Report stage not complete,"IW-SH-10928 : WINGS AIR SHOR FORM | 1. Review the the Pre-Risk Assessment Index (revise accordingly - if required).    2. Go to ""Investigation"" stage if an investigation is required otherwise go to ""Validation"" stage.",27/02/2026,Due This Month
Report stage not complete,"ID-ASR-12352 : BATIK AIR ASR FORM | 1. Review the the Pre-Risk Assessment Index (revise accordingly - if required).    2. Go to ""Investigation"" stage if an investigation is required otherwise go to ""Validation"" stage.",27/02/2026,Due This Month
Report stage not complete,"IW-SH-10924 : WINGS AIR SHOR FORM | 1. Review the the Pre-Risk Assessment Index (revise accordingly - if required).    2. Go to ""Investigation"" stage if an investigation is required otherwise go to ""Validation"" stage.",27/02/2026,Due This Month
Report stage not complete,"ID-ASR-12356 : BATIK AIR ASR FORM | 1. Review the the Pre-Risk Assessment Index (revise accordingly - if required).    2. Go to ""Investigation"" stage if an investigation is required otherwise go to ""Validation"" stage.",27/02/2026,Due This Month
Report stage not complete,"IU-SH-017558 : SUPER AIR JET SHOR FORM | 1. Review the the Pre-Risk Assessment Index (revise accordingly - if required).    2. Go to ""Investigation"" stage if an investigation is required otherwise go to ""Validation"" stage.",27/02/2026,Due This Month
Report stage not complete,"IU-SH-017566 : SUPER AIR JET SHOR FORM | 1. Review the the Pre-Risk Assessment Index (revise accordingly - if required).    2. Go to ""Investigation"" stage if an investigation is required otherwise go to ""Validation"" stage.",27/02/2026,Due This Month
Report stage not complete,"ID-SH-59265 : BATIK AIR SHOR FORM | 1. Review the the Pre-Risk Assessment Index (revise accordingly - if required).    2. Go to ""Investigation"" stage if an investigation is required otherwise go to ""Validation"" stage.",27/02/2026,Due This Month
Report stage not complete,"IU-SH-017572 : SUPER AIR JET SHOR FORM | 1. Review the the Pre-Risk Assessment Index (revise accordingly - if required).    2. Go to ""Investigation"" stage if an investigation is required otherwise go to ""Validation"" stage.",28/02/2026,Due This Month
Report stage not complete,"JT-SH-49048 : LION AIR SHOR FORM | 1. Review the the Pre-Risk Assessment Index (revise accordingly - if required).    2. Go to ""Investigation"" stage if an investigation is required otherwise go to ""Validation"" stage.",28/02/2026,Due This Month
Report stage not complete,"IU-SH-017578 : SUPER AIR JET SHOR FORM | 1. Review the the Pre-Risk Assessment Index (revise accordingly - if required).    2. Go to ""Investigation"" stage if an investigation is required otherwise go to ""Validation"" stage.",28/02/2026,Due This Month
Report stage not complete,"JT-ASR-20303 : LION AIR ASR FORM | 1. Review the the Pre-Risk Assessment Index (revise accordingly - if required).    2. Go to ""Investigation"" stage if an investigation is required otherwise go to ""Validation"" stage.",28/02/2026,Due This Month
Report stage not complete,"IU-SH-017583 : SUPER AIR JET SHOR FORM | 1. Review the the Pre-Risk Assessment Index (revise accordingly - if required).    2. Go to ""Investigation"" stage if an investigation is required otherwise go to ""Validation"" stage.",28/02/2026,Due This Month
Report stage not complete,"IU-SH-017582 : SUPER AIR JET SHOR FORM | 1. Review the the Pre-Risk Assessment Index (revise accordingly - if required).    2. Go to ""Investigation"" stage if an investigation is required otherwise go to ""Validation"" stage.",28/02/2026,Due This Month
Report stage not complete,"IU-ASR-005468 : Super Air Jet ASR Form | 1. Review the the Pre-Risk Assessment Index (revise accordingly - if required).    2. Go to ""Investigation"" stage if an investigation is required otherwise go to ""Validation"" stage.",28/02/2026,Due This Month
Report stage not complete,"JT-SH-49051 : LION AIR SHOR FORM | 1. Review the the Pre-Risk Assessment Index (revise accordingly - if required).    2. Go to ""Investigation"" stage if an investigation is required otherwise go to ""Validation"" stage.",01/03/2026,Due In 1 Months
Report stage not complete,"JT-SH-49050 : LION AIR SHOR FORM | 1. Review the the Pre-Risk Assessment Index (revise accordingly - if required).    2. Go to ""Investigation"" stage if an investigation is required otherwise go to ""Validation"" stage.",01/03/2026,Due In 1 Months
Report stage not complete,"IW-SH-10956 : WINGS AIR SHOR FORM | 1. Review the the Pre-Risk Assessment Index (revise accordingly - if required).    2. Go to ""Investigation"" stage if an investigation is required otherwise go to ""Validation"" stage.",05/03/2026,Due In 1 Months
Report stage not complete,"JT-SH-49061 : LION AIR SHOR FORM | 1. Review the the Pre-Risk Assessment Index (revise accordingly - if required).    2. Go to ""Investigation"" stage if an investigation is required otherwise go to ""Validation"" stage.",05/03/2026,Due In 1 Months
Report stage not complete,"JT-SH-49072 : LION AIR SHOR FORM | 1. Review the the Pre-Risk Assessment Index (revise accordingly - if required).    2. Go to ""Investigation"" stage if an investigation is required otherwise go to ""Validation"" stage.",05/03/2026,Due In 1 Months
Report stage not complete,"IU-SH-017598 : SUPER AIR JET SHOR FORM | 1. Review the the Pre-Risk Assessment Index (revise accordingly - if required).    2. Go to ""Investigation"" stage if an investigation is required otherwise go to ""Validation"" stage.",05/03/2026,Due In 1 Months
Report stage not complete,"IU-SH-017595 : SUPER AIR JET SHOR FORM | 1. Review the the Pre-Risk Assessment Index (revise accordingly - if required).    2. Go to ""Investigation"" stage if an investigation is required otherwise go to ""Validation"" stage.",05/03/2026,Due In 1 Months
Report stage not complete,"IU-SH-017627 : SUPER AIR JET SHOR FORM | 1. Review the the Pre-Risk Assessment Index (revise accordingly - if required).    2. Go to ""Investigation"" stage if an investigation is required otherwise go to ""Validation"" stage.",05/03/2026,Due In 1 Months
Report stage not complete,"IU-SH-017602 : SUPER AIR JET SHOR FORM | 1. Review the the Pre-Risk Assessment Index (revise accordingly - if required).    2. Go to ""Investigation"" stage if an investigation is required otherwise go to ""Validation"" stage.",05/03/2026,Due In 1 Months
Report stage not complete,"JT-ASR-20307 : LION AIR ASR FORM | 1. Review the the Pre-Risk Assessment Index (revise accordingly - if required).    2. Go to ""Investigation"" stage if an investigation is required otherwise go to ""Validation"" stage.",06/03/2026,Due In 1 Months
Report stage not complete,"JT-ASR-20310 : LION AIR ASR FORM | 1. Review the the Pre-Risk Assessment Index (revise accordingly - if required).    2. Go to ""Investigation"" stage if an investigation is required otherwise go to ""Validation"" stage.",06/03/2026,Due In 1 Months
Report stage not complete,"IU-SH-017631 : SUPER AIR JET SHOR FORM | 1. Review the the Pre-Risk Assessment Index (revise accordingly - if required).    2. Go to ""Investigation"" stage if an investigation is required otherwise go to ""Validation"" stage.",06/03/2026,Due In 1 Months
Report stage not complete,"IU-SH-017668 : SUPER AIR JET SHOR FORM | 1. Review the the Pre-Risk Assessment Index (revise accordingly - if required).    2. Go to ""Investigation"" stage if an investigation is required otherwise go to ""Validation"" stage.",07/03/2026,Due In 1 Months
Report stage not complete,"IU-SH-017671 : SUPER AIR JET SHOR FORM | 1. Review the the Pre-Risk Assessment Index (revise accordingly - if required).    2. Go to ""Investigation"" stage if an investigation is required otherwise go to ""Validation"" stage.",07/03/2026,Due In 1 Months
Report stage not complete,"IU-SH-017674 : SUPER AIR JET SHOR FORM | 1. Review the the Pre-Risk Assessment Index (revise accordingly - if required).    2. Go to ""Investigation"" stage if an investigation is required otherwise go to ""Validation"" stage.",07/03/2026,Due In 1 Months
Report stage not complete,"ID-ASR-12390 : BATIK AIR ASR FORM | 1. Review the the Pre-Risk Assessment Index (revise accordingly - if required).    2. Go to ""Investigation"" stage if an investigation is required otherwise go to ""Validation"" stage.",07/03/2026,Due In 1 Months
Report stage not complete,"ID-ASR-12383 : BATIK AIR ASR FORM | 1. Review the the Pre-Risk Assessment Index (revise accordingly - if required).    2. Go to ""Investigation"" stage if an investigation is required otherwise go to ""Validation"" stage.",07/03/2026,Due In 1 Months
Report stage not complete,"IU-SH-017676 : SUPER AIR JET SHOR FORM | 1. Review the the Pre-Risk Assessment Index (revise accordingly - if required).    2. Go to ""Investigation"" stage if an investigation is required otherwise go to ""Validation"" stage.",07/03/2026,Due In 1 Months
Report stage not complete,"IU-SH-017675 : SUPER AIR JET SHOR FORM | 1. Review the the Pre-Risk Assessment Index (revise accordingly - if required).    2. Go to ""Investigation"" stage if an investigation is required otherwise go to ""Validation"" stage.",09/03/2026,Due In 1 Months
Report stage not complete,"IU-SH-017679 : SUPER AIR JET SHOR FORM | 1. Review the the Pre-Risk Assessment Index (revise accordingly - if required).    2. Go to ""Investigation"" stage if an investigation is required otherwise go to ""Validation"" stage.",09/03/2026,Due In 1 Months
Report stage not complete,"IU-SH-017704 : SUPER AIR JET SHOR FORM | 1. Review the the Pre-Risk Assessment Index (revise accordingly - if required).    2. Go to ""Investigation"" stage if an investigation is required otherwise go to ""Validation"" stage.",09/03/2026,Due In 1 Months
Report stage not complete,"IU-ASR-005501 : Super Air Jet ASR Form | 1. Review the the Pre-Risk Assessment Index (revise accordingly - if required).    2. Go to ""Investigation"" stage if an investigation is required otherwise go to ""Validation"" stage.",09/03/2026,Due In 1 Months
Report stage not complete,"IU-SH-017711 : SUPER AIR JET SHOR FORM | 1. Review the the Pre-Risk Assessment Index (revise accordingly - if required).    2. Go to ""Investigation"" stage if an investigation is required otherwise go to ""Validation"" stage.",09/03/2026,Due In 1 Months
Report stage not complete,"ID-ASR-12394 : BATIK AIR ASR FORM | 1. Review the the Pre-Risk Assessment Index (revise accordingly - if required).    2. Go to ""Investigation"" stage if an investigation is required otherwise go to ""Validation"" stage.",12/03/2026,Due In 1 Months
Report stage not complete,"IU-SH-017785 : SUPER AIR JET SHOR FORM | 1. Review the the Pre-Risk Assessment Index (revise accordingly - if required).    2. Go to ""Investigation"" stage if an investigation is required otherwise go to ""Validation"" stage.",12/03/2026,Due In 1 Months
Report stage not complete,"IU-SH-017780 : SUPER AIR JET SHOR FORM | 1. Review the the Pre-Risk Assessment Index (revise accordingly - if required).    2. Go to ""Investigation"" stage if an investigation is required otherwise go to ""Validation"" stage.",12/03/2026,Due In 1 Months
Report stage not complete,"IU-SH-017778 : SUPER AIR JET SHOR FORM | 1. Review the the Pre-Risk Assessment Index (revise accordingly - if required).    2. Go to ""Investigation"" stage if an investigation is required otherwise go to ""Validation"" stage.",12/03/2026,Due In 1 Months
Report stage not complete,"IU-SH-017777 : SUPER AIR JET SHOR FORM | 1. Review the the Pre-Risk Assessment Index (revise accordingly - if required).    2. Go to ""Investigation"" stage if an investigation is required otherwise go to ""Validation"" stage.",12/03/2026,Due In 1 Months
Report stage not complete,"IU-SH-017774 : SUPER AIR JET SHOR FORM | 1. Review the the Pre-Risk Assessment Index (revise accordingly - if required).    2. Go to ""Investigation"" stage if an investigation is required otherwise go to ""Validation"" stage.",12/03/2026,Due In 1 Months
Report stage not complete,"IU-SH-017766 : SUPER AIR JET SHOR FORM | 1. Review the the Pre-Risk Assessment Index (revise accordingly - if required).    2. Go to ""Investigation"" stage if an investigation is required otherwise go to ""Validation"" stage.",12/03/2026,Due In 1 Months
Report stage not complete,"IU-SH-017764 : SUPER AIR JET SHOR FORM | 1. Review the the Pre-Risk Assessment Index (revise accordingly - if required).    2. Go to ""Investigation"" stage if an investigation is required otherwise go to ""Validation"" stage.",12/03/2026,Due In 1 Months
Report stage not complete,"IW-SH-10974 : WINGS AIR SHOR FORM | 1. Review the the Pre-Risk Assessment Index (revise accordingly - if required).    2. Go to ""Investigation"" stage if an investigation is required otherwise go to ""Validation"" stage.",12/03/2026,Due In 1 Months
Report stage not complete,"IU-SH-017793 : SUPER AIR JET SHOR FORM | 1. Review the the Pre-Risk Assessment Index (revise accordingly - if required).    2. Go to ""Investigation"" stage if an investigation is required otherwise go to ""Validation"" stage.",12/03/2026,Due In 1 Months
Report stage not complete,"IU-SH-017791 : SUPER AIR JET SHOR FORM | 1. Review the the Pre-Risk Assessment Index (revise accordingly - if required).    2. Go to ""Investigation"" stage if an investigation is required otherwise go to ""Validation"" stage.",12/03/2026,Due In 1 Months
Report stage not complete,"ID-ASR-12413 : BATIK AIR ASR FORM | 1. Review the the Pre-Risk Assessment Index (revise accordingly - if required).    2. Go to ""Investigation"" stage if an investigation is required otherwise go to ""Validation"" stage.",12/03/2026,Due In 1 Months
Report stage not complete,"ID-ASR-12416 : BATIK AIR ASR FORM | 1. Review the the Pre-Risk Assessment Index (revise accordingly - if required).    2. Go to ""Investigation"" stage if an investigation is required otherwise go to ""Validation"" stage.",12/03/2026,Due In 1 Months
Report stage not complete,"ID-ASR-12420 : BATIK AIR ASR FORM | 1. Review the the Pre-Risk Assessment Index (revise accordingly - if required).    2. Go to ""Investigation"" stage if an investigation is required otherwise go to ""Validation"" stage.",12/03/2026,Due In 1 Months
Report stage not complete,"ID-ASR-12421 : BATIK AIR ASR FORM | 1. Review the the Pre-Risk Assessment Index (revise accordingly - if required).    2. Go to ""Investigation"" stage if an investigation is required otherwise go to ""Validation"" stage.",12/03/2026,Due In 1 Months
Report stage not complete,"IW-ASR-06814 : WINGS AIR ASR FORM | 1. Review the the Pre-Risk Assessment Index (revise accordingly - if required).    2. Go to ""Investigation"" stage if an investigation is required otherwise go to ""Validation"" stage.",12/03/2026,Due In 1 Months
Report stage not complete,"IW-ASR-06815 : WINGS AIR ASR FORM | 1. Review the the Pre-Risk Assessment Index (revise accordingly - if required).    2. Go to ""Investigation"" stage if an investigation is required otherwise go to ""Validation"" stage.",12/03/2026,Due In 1 Months
Report stage not complete,"IU-SH-017717 : SUPER AIR JET SHOR FORM | 1. Review the the Pre-Risk Assessment Index (revise accordingly - if required).    2. Go to ""Investigation"" stage if an investigation is required otherwise go to ""Validation"" stage.",12/03/2026,Due In 1 Months
Report stage not complete,"IU-SH-017719 : SUPER AIR JET SHOR FORM | 1. Review the the Pre-Risk Assessment Index (revise accordingly - if required).    2. Go to ""Investigation"" stage if an investigation is required otherwise go to ""Validation"" stage.",12/03/2026,Due In 1 Months
Report stage not complete,"IU-ASR-005529 : Super Air Jet ASR Form | 1. Review the the Pre-Risk Assessment Index (revise accordingly - if required).    2. Go to ""Investigation"" stage if an investigation is required otherwise go to ""Validation"" stage.",12/03/2026,Due In 1 Months
Report stage not complete,"IU-SH-017815 : SUPER AIR JET SHOR FORM | 1. Review the the Pre-Risk Assessment Index (revise accordingly - if required).    2. Go to ""Investigation"" stage if an investigation is required otherwise go to ""Validation"" stage.",13/03/2026,Due In 1 Months
Report stage not complete,"IU-SH-017816 : SUPER AIR JET SHOR FORM | 1. Review the the Pre-Risk Assessment Index (revise accordingly - if required).    2. Go to ""Investigation"" stage if an investigation is required otherwise go to ""Validation"" stage.",13/03/2026,Due In 1 Months
Report stage not complete,"IU-SH-017800 : SUPER AIR JET SHOR FORM | 1. Review the the Pre-Risk Assessment Index (revise accordingly - if required).    2. Go to ""Investigation"" stage if an investigation is required otherwise go to ""Validation"" stage.",13/03/2026,Due In 1 Months
Report stage not complete,"IU-SH-017820 : SUPER AIR JET SHOR FORM | 1. Review the the Pre-Risk Assessment Index (revise accordingly - if required).    2. Go to ""Investigation"" stage if an investigation is required otherwise go to ""Validation"" stage.",13/03/2026,Due In 1 Months
Report stage not complete,"IU-ASR-005526 : Super Air Jet ASR Form | 1. Review the the Pre-Risk Assessment Index (revise accordingly - if required).    2. Go to ""Investigation"" stage if an investigation is required otherwise go to ""Validation"" stage.",14/03/2026,Due In 1 Months
Report stage not complete,"IU-SH-017662 : SUPER AIR JET SHOR FORM | 1. Review the the Pre-Risk Assessment Index (revise accordingly - if required).    2. Go to ""Investigation"" stage if an investigation is required otherwise go to ""Validation"" stage.",14/03/2026,Due In 1 Months
Report stage not complete,"IU-SH-017833 : SUPER AIR JET SHOR FORM | 1. Review the the Pre-Risk Assessment Index (revise accordingly - if required).    2. Go to ""Investigation"" stage if an investigation is required otherwise go to ""Validation"" stage.",14/03/2026,Due In 1 Months
Report stage not complete,"IU-ASR-005537 : Super Air Jet ASR Form | 1. Review the the Pre-Risk Assessment Index (revise accordingly - if required).    2. Go to ""Investigation"" stage if an investigation is required otherwise go to ""Validation"" stage.",14/03/2026,Due In 1 Months
Report stage not complete,"ID-SH-59351 : BATIK AIR SHOR FORM | 1. Review the the Pre-Risk Assessment Index (revise accordingly - if required).    2. Go to ""Investigation"" stage if an investigation is required otherwise go to ""Validation"" stage.",14/03/2026,Due In 1 Months
Report stage not complete,"IU-SH-017899 : SUPER AIR JET SHOR FORM | 1. Review the the Pre-Risk Assessment Index (revise accordingly - if required).    2. Go to ""Investigation"" stage if an investigation is required otherwise go to ""Validation"" stage.",15/03/2026,Due In 1 Months
Report stage not complete,"IU-SH-017910 : SUPER AIR JET SHOR FORM | 1. Review the the Pre-Risk Assessment Index (revise accordingly - if required).    2. Go to ""Investigation"" stage if an investigation is required otherwise go to ""Validation"" stage.",15/03/2026,Due In 1 Months
Report stage not complete,"IU-SH-017954 : SUPER AIR JET SHOR FORM | 1. Review the the Pre-Risk Assessment Index (revise accordingly - if required).    2. Go to ""Investigation"" stage if an investigation is required otherwise go to ""Validation"" stage.",16/03/2026,Due In 1 Months
Report stage not complete,"IU-SH-017948 : SUPER AIR JET SHOR FORM | 1. Review the the Pre-Risk Assessment Index (revise accordingly - if required).    2. Go to ""Investigation"" stage if an investigation is required otherwise go to ""Validation"" stage.",16/03/2026,Due In 1 Months
Report stage not complete,"IU-SH-017914 : SUPER AIR JET SHOR FORM | 1. Review the the Pre-Risk Assessment Index (revise accordingly - if required).    2. Go to ""Investigation"" stage if an investigation is required otherwise go to ""Validation"" stage.",16/03/2026,Due In 1 Months
Report stage not complete,"JT-SH-49134 : LION AIR SHOR FORM | 1. Review the the Pre-Risk Assessment Index (revise accordingly - if required).    2. Go to ""Investigation"" stage if an investigation is required otherwise go to ""Validation"" stage.",16/03/2026,Due In 1 Months
Report stage not complete,"IU-SH-017928 : SUPER AIR JET SHOR FORM | 1. Review the the Pre-Risk Assessment Index (revise accordingly - if required).    2. Go to ""Investigation"" stage if an investigation is required otherwise go to ""Validation"" stage.",16/03/2026,Due In 1 Months
Report stage not complete,"IU-SH-017974 : SUPER AIR JET SHOR FORM | 1. Review the the Pre-Risk Assessment Index (revise accordingly - if required).    2. Go to ""Investigation"" stage if an investigation is required otherwise go to ""Validation"" stage.",16/03/2026,Due In 1 Months
Report stage not complete,"IU-SH-017971 : SUPER AIR JET SHOR FORM | 1. Review the the Pre-Risk Assessment Index (revise accordingly - if required).    2. Go to ""Investigation"" stage if an investigation is required otherwise go to ""Validation"" stage.",16/03/2026,Due In 1 Months
Report stage not complete,"IU-SH-017918 : SUPER AIR JET SHOR FORM | 1. Review the the Pre-Risk Assessment Index (revise accordingly - if required).    2. Go to ""Investigation"" stage if an investigation is required otherwise go to ""Validation"" stage.",19/03/2026,Due In 1 Months
Report stage not complete,"IU-SH-018121 : SUPER AIR JET SHOR FORM | 1. Review the the Pre-Risk Assessment Index (revise accordingly - if required).    2. Go to ""Investigation"" stage if an investigation is required otherwise go to ""Validation"" stage.",19/03/2026,Due In 1 Months
Report stage not complete,"ID-SH-59401 : BATIK AIR SHOR FORM | 1. Review the the Pre-Risk Assessment Index (revise accordingly - if required).    2. Go to ""Investigation"" stage if an investigation is required otherwise go to ""Validation"" stage.",19/03/2026,Due In 1 Months
Report stage not complete,"IU-SH-018069 : SUPER AIR JET SHOR FORM | 1. Review the the Pre-Risk Assessment Index (revise accordingly - if required).    2. Go to ""Investigation"" stage if an investigation is required otherwise go to ""Validation"" stage.",19/03/2026,Due In 1 Months
Report stage not complete,"IU-SH-018027 : SUPER AIR JET SHOR FORM | 1. Review the the Pre-Risk Assessment Index (revise accordingly - if required).    2. Go to ""Investigation"" stage if an investigation is required otherwise go to ""Validation"" stage.",19/03/2026,Due In 1 Months
Report stage not complete,"IU-SH-018026 : SUPER AIR JET SHOR FORM | 1. Review the the Pre-Risk Assessment Index (revise accordingly - if required).    2. Go to ""Investigation"" stage if an investigation is required otherwise go to ""Validation"" stage.",19/03/2026,Due In 1 Months
Report stage not complete,"IU-SH-018056 : SUPER AIR JET SHOR FORM | 1. Review the the Pre-Risk Assessment Index (revise accordingly - if required).    2. Go to ""Investigation"" stage if an investigation is required otherwise go to ""Validation"" stage.",19/03/2026,Due In 1 Months
Report stage not complete,"IU-SH-018119 : SUPER AIR JET SHOR FORM | 1. Review the the Pre-Risk Assessment Index (revise accordingly - if required).    2. Go to ""Investigation"" stage if an investigation is required otherwise go to ""Validation"" stage.",19/03/2026,Due In 1 Months
Report stage not complete,"IU-SH-018145 : SUPER AIR JET SHOR FORM | 1. Review the the Pre-Risk Assessment Index (revise accordingly - if required).    2. Go to ""Investigation"" stage if an investigation is required otherwise go to ""Validation"" stage.",19/03/2026,Due In 1 Months
Report stage not complete,"IU-SH-018113 : SUPER AIR JET SHOR FORM | 1. Review the the Pre-Risk Assessment Index (revise accordingly - if required).    2. Go to ""Investigation"" stage if an investigation is required otherwise go to ""Validation"" stage.",19/03/2026,Due In 1 Months
Report stage not complete,"IU-SH-017992 : SUPER AIR JET SHOR FORM | 1. Review the the Pre-Risk Assessment Index (revise accordingly - if required).    2. Go to ""Investigation"" stage if an investigation is required otherwise go to ""Validation"" stage.",20/03/2026,Due In 1 Months
Report stage not complete,"IU-SH-017983 : SUPER AIR JET SHOR FORM | 1. Review the the Pre-Risk Assessment Index (revise accordingly - if required).    2. Go to ""Investigation"" stage if an investigation is required otherwise go to ""Validation"" stage.",20/03/2026,Due In 1 Months
Report stage not complete,"IU-SH-017989 : SUPER AIR JET SHOR FORM | 1. Review the the Pre-Risk Assessment Index (revise accordingly - if required).    2. Go to ""Investigation"" stage if an investigation is required otherwise go to ""Validation"" stage.",20/03/2026,Due In 1 Months
Report stage not complete,"IU-SH-018003 : SUPER AIR JET SHOR FORM | 1. Review the the Pre-Risk Assessment Index (revise accordingly - if required).    2. Go to ""Investigation"" stage if an investigation is required otherwise go to ""Validation"" stage.",20/03/2026,Due In 1 Months
Report stage not complete,"ID-ASR-12446 : BATIK AIR ASR FORM | 1. Review the the Pre-Risk Assessment Index (revise accordingly - if required).    2. Go to ""Investigation"" stage if an investigation is required otherwise go to ""Validation"" stage.",20/03/2026,Due In 1 Months
Report stage not complete,"IU-SH-018005 : SUPER AIR JET SHOR FORM | 1. Review the the Pre-Risk Assessment Index (revise accordingly - if required).    2. Go to ""Investigation"" stage if an investigation is required otherwise go to ""Validation"" stage.",20/03/2026,Due In 1 Months
Report stage not complete,"IU-SH-018157 : SUPER AIR JET SHOR FORM | 1. Review the the Pre-Risk Assessment Index (revise accordingly - if required).    2. Go to ""Investigation"" stage if an investigation is required otherwise go to ""Validation"" stage.",20/03/2026,Due In 1 Months
Report stage not complete,"IU-SH-018154 : SUPER AIR JET SHOR FORM | 1. Review the the Pre-Risk Assessment Index (revise accordingly - if required).    2. Go to ""Investigation"" stage if an investigation is required otherwise go to ""Validation"" stage.",20/03/2026,Due In 1 Months
Report stage not complete,"IU-SH-018155 : SUPER AIR JET SHOR FORM | 1. Review the the Pre-Risk Assessment Index (revise accordingly - if required).    2. Go to ""Investigation"" stage if an investigation is required otherwise go to ""Validation"" stage.",20/03/2026,Due In 1 Months
Report stage not complete,"IU-SH-018088 : SUPER AIR JET SHOR FORM | 1. Review the the Pre-Risk Assessment Index (revise accordingly - if required).    2. Go to ""Investigation"" stage if an investigation is required otherwise go to ""Validation"" stage.",20/03/2026,Due In 1 Months
Report stage not complete,"IU-SH-018077 : SUPER AIR JET SHOR FORM | 1. Review the the Pre-Risk Assessment Index (revise accordingly - if required).    2. Go to ""Investigation"" stage if an investigation is required otherwise go to ""Validation"" stage.",20/03/2026,Due In 1 Months
Report stage not complete,"ID-SH-59417 : BATIK AIR SHOR FORM | 1. Review the the Pre-Risk Assessment Index (revise accordingly - if required).    2. Go to ""Investigation"" stage if an investigation is required otherwise go to ""Validation"" stage.",21/03/2026,Due In 1 Months
Report stage not complete,"IU-SH-018066 : SUPER AIR JET SHOR FORM | 1. Review the the Pre-Risk Assessment Index (revise accordingly - if required).    2. Go to ""Investigation"" stage if an investigation is required otherwise go to ""Validation"" stage.",21/03/2026,Due In 1 Months
Report stage not complete,"IU-SH-018097 : SUPER AIR JET SHOR FORM | 1. Review the the Pre-Risk Assessment Index (revise accordingly - if required).    2. Go to ""Investigation"" stage if an investigation is required otherwise go to ""Validation"" stage.",21/03/2026,Due In 1 Months
Report stage not complete,"IU-SH-018101 : SUPER AIR JET SHOR FORM | 1. Review the the Pre-Risk Assessment Index (revise accordingly - if required).    2. Go to ""Investigation"" stage if an investigation is required otherwise go to ""Validation"" stage.",21/03/2026,Due In 1 Months
Report stage not complete,"IU-SH-018104 : SUPER AIR JET SHOR FORM | 1. Review the the Pre-Risk Assessment Index (revise accordingly - if required).    2. Go to ""Investigation"" stage if an investigation is required otherwise go to ""Validation"" stage.",21/03/2026,Due In 1 Months
Report stage not complete,"ID-ASR-12439 : BATIK AIR ASR FORM | 1. Review the the Pre-Risk Assessment Index (revise accordingly - if required).    2. Go to ""Investigation"" stage if an investigation is required otherwise go to ""Validation"" stage.",21/03/2026,Due In 1 Months
Report stage not complete,"ID-ASR-12445 : BATIK AIR ASR FORM | 1. Review the the Pre-Risk Assessment Index (revise accordingly - if required).    2. Go to ""Investigation"" stage if an investigation is required otherwise go to ""Validation"" stage.",21/03/2026,Due In 1 Months
Report stage not complete,"IU-SH-018192 : SUPER AIR JET SHOR FORM | 1. Review the the Pre-Risk Assessment Index (revise accordingly - if required).    2. Go to ""Investigation"" stage if an investigation is required otherwise go to ""Validation"" stage.",21/03/2026,Due In 1 Months
Report stage not complete,"ID-ASR-12448 : BATIK AIR ASR FORM | 1. Review the the Pre-Risk Assessment Index (revise accordingly - if required).    2. Go to ""Investigation"" stage if an investigation is required otherwise go to ""Validation"" stage.",22/03/2026,Due In 1 Months
Report stage not complete,"ID-ASR-12459 : BATIK AIR ASR FORM | 1. Review the the Pre-Risk Assessment Index (revise accordingly - if required).    2. Go to ""Investigation"" stage if an investigation is required otherwise go to ""Validation"" stage.",22/03/2026,Due In 1 Months
Report stage not complete,"IU-SH-018203 : SUPER AIR JET SHOR FORM | 1. Review the the Pre-Risk Assessment Index (revise accordingly - if required).    2. Go to ""Investigation"" stage if an investigation is required otherwise go to ""Validation"" stage.",22/03/2026,Due In 1 Months
Report stage not complete,"ID-SH-59437 : BATIK AIR SHOR FORM | 1. Review the the Pre-Risk Assessment Index (revise accordingly - if required).    2. Go to ""Investigation"" stage if an investigation is required otherwise go to ""Validation"" stage.",22/03/2026,Due In 1 Months
Report stage not complete,"IU-SH-018202 : SUPER AIR JET SHOR FORM | 1. Review the the Pre-Risk Assessment Index (revise accordingly - if required).    2. Go to ""Investigation"" stage if an investigation is required otherwise go to ""Validation"" stage.",22/03/2026,Due In 1 Months
Report stage not complete,"IW-SH-10999 : WINGS AIR SHOR FORM | 1. Review the the Pre-Risk Assessment Index (revise accordingly - if required).    2. Go to ""Investigation"" stage if an investigation is required otherwise go to ""Validation"" stage.",23/03/2026,Due In 1 Months
Report stage not complete,"IU-SH-018199 : SUPER AIR JET SHOR FORM | 1. Review the the Pre-Risk Assessment Index (revise accordingly - if required).    2. Go to ""Investigation"" stage if an investigation is required otherwise go to ""Validation"" stage.",23/03/2026,Due In 1 Months
Report stage not complete,"IU-SH-018212 : SUPER AIR JET SHOR FORM | 1. Review the the Pre-Risk Assessment Index (revise accordingly - if required).    2. Go to ""Investigation"" stage if an investigation is required otherwise go to ""Validation"" stage.",23/03/2026,Due In 1 Months
Report stage not complete,"IU-SH-018200 : SUPER AIR JET SHOR FORM | 1. Review the the Pre-Risk Assessment Index (revise accordingly - if required).    2. Go to ""Investigation"" stage if an investigation is required otherwise go to ""Validation"" stage.",23/03/2026,Due In 1 Months
Report stage not complete,"IU-SH-018230 : SUPER AIR JET SHOR FORM | 1. Review the the Pre-Risk Assessment Index (revise accordingly - if required).    2. Go to ""Investigation"" stage if an investigation is required otherwise go to ""Validation"" stage.",23/03/2026,Due In 1 Months
Report stage not complete,"IW-SH-11006 : WINGS AIR SHOR FORM | 1. Review the the Pre-Risk Assessment Index (revise accordingly - if required).    2. Go to ""Investigation"" stage if an investigation is required otherwise go to ""Validation"" stage.",26/03/2026,Due In 1 Months
Report stage not complete,"IW-SH-11004 : WINGS AIR SHOR FORM | 1. Review the the Pre-Risk Assessment Index (revise accordingly - if required).    2. Go to ""Investigation"" stage if an investigation is required otherwise go to ""Validation"" stage.",26/03/2026,Due In 1 Months
Report stage not complete,"IU-SH-018274 : SUPER AIR JET SHOR FORM | 1. Review the the Pre-Risk Assessment Index (revise accordingly - if required).    2. Go to ""Investigation"" stage if an investigation is required otherwise go to ""Validation"" stage.",26/03/2026,Due In 1 Months
Report stage not complete,"IU-SH-018267 : SUPER AIR JET SHOR FORM | 1. Review the the Pre-Risk Assessment Index (revise accordingly - if required).    2. Go to ""Investigation"" stage if an investigation is required otherwise go to ""Validation"" stage.",26/03/2026,Due In 1 Months
Report stage not complete,"IU-SH-018241 : SUPER AIR JET SHOR FORM | 1. Review the the Pre-Risk Assessment Index (revise accordingly - if required).    2. Go to ""Investigation"" stage if an investigation is required otherwise go to ""Validation"" stage.",26/03/2026,Due In 1 Months
Report stage not complete,"IU-SH-018249 : SUPER AIR JET SHOR FORM | 1. Review the the Pre-Risk Assessment Index (revise accordingly - if required).    2. Go to ""Investigation"" stage if an investigation is required otherwise go to ""Validation"" stage.",26/03/2026,Due In 1 Months
Report stage not complete,"IU-SH-018252 : SUPER AIR JET SHOR FORM | 1. Review the the Pre-Risk Assessment Index (revise accordingly - if required).    2. Go to ""Investigation"" stage if an investigation is required otherwise go to ""Validation"" stage.",26/03/2026,Due In 1 Months
Report stage not complete,"IU-SH-018254 : SUPER AIR JET SHOR FORM | 1. Review the the Pre-Risk Assessment Index (revise accordingly - if required).    2. Go to ""Investigation"" stage if an investigation is required otherwise go to ""Validation"" stage.",26/03/2026,Due In 1 Months
Report stage not complete,"IU-SH-018281 : SUPER AIR JET SHOR FORM | 1. Review the the Pre-Risk Assessment Index (revise accordingly - if required).    2. Go to ""Investigation"" stage if an investigation is required otherwise go to ""Validation"" stage.",27/03/2026,Due In 1 Months
